path,upstream_owner,base_revision,change_type,first_astra_commit,latest_astra_commit,risk,notes
"src/-prettierignore.patch","root","UNVERIFIED-VENDOR-BASELINE-NOT-PINNED","modify-upstream","73ae2fa","73ae2fa","low","-prettierignore.patch"
"src/-stylelintignore.patch","root","UNVERIFIED-VENDOR-BASELINE-NOT-PINNED","modify-upstream","73ae2fa","73ae2fa","low","-stylelintignore.patch"
"src/-stylelintrc-js.patch","root","UNVERIFIED-VENDOR-BASELINE-NOT-PINNED","modify-upstream","73ae2fa","73ae2fa","low","-stylelintrc-js.patch"
"src/browser/actors/EncryptedMediaParent-sys-mjs.patch","browser","UNVERIFIED-VENDOR-BASELINE-NOT-PINNED","modify-upstream","73ae2fa","73ae2fa","medium","actors"
"src/browser/actors/WebRTCParent-sys-mjs.patch","browser","UNVERIFIED-VENDOR-BASELINE-NOT-PINNED","modify-upstream","73ae2fa","73ae2fa","medium","actors"
"src/browser/app/splash-rc.patch","browser","UNVERIFIED-VENDOR-BASELINE-NOT-PINNED","modify-upstream","73ae2fa","73ae2fa","low","app"
"src/browser/base/content/aboutDialog-js.patch","browser","UNVERIFIED-VENDOR-BASELINE-NOT-PINNED","modify-upstream","73ae2fa","73ae2fa","low","base/content"
"src/browser/base/content/aboutDialog-xhtml.patch","browser","UNVERIFIED-VENDOR-BASELINE-NOT-PINNED","modify-upstream","73ae2fa","681645e","low","base/content"
"src/browser/base/content/browser-addons-js.patch","browser","UNVERIFIED-VENDOR-BASELINE-NOT-PINNED","modify-upstream","73ae2fa","73ae2fa","low","base/content"
"src/browser/base/content/browser-box-inc-xhtml.patch","browser","UNVERIFIED-VENDOR-BASELINE-NOT-PINNED","modify-upstream","73ae2fa","73ae2fa","low","base/content"
"src/browser/base/content/browser-commands-js.patch","browser","UNVERIFIED-VENDOR-BASELINE-NOT-PINNED","modify-upstream","73ae2fa","af4192a","low","base/content"
"src/browser/base/content/browser-development-helpers-js.patch","browser","UNVERIFIED-VENDOR-BASELINE-NOT-PINNED","modify-upstream","73ae2fa","73ae2fa","low","base/content"
"src/browser/base/content/browser-fullScreenAndPointerLock-js.patch","browser","UNVERIFIED-VENDOR-BASELINE-NOT-PINNED","modify-upstream","73ae2fa","73ae2fa","low","base/content"
"src/browser/base/content/browser-gestureSupport-js.patch","browser","UNVERIFIED-VENDOR-BASELINE-NOT-PINNED","modify-upstream","73ae2fa","73ae2fa","low","base/content"
"src/browser/base/content/browser-init-js.patch","browser","UNVERIFIED-VENDOR-BASELINE-NOT-PINNED","modify-upstream","73ae2fa","73ae2fa","low","base/content"
"src/browser/base/content/browser-js.patch","browser","UNVERIFIED-VENDOR-BASELINE-NOT-PINNED","modify-upstream","73ae2fa","73ae2fa","low","base/content"
"src/browser/base/content/browser-pageActions-js.patch","browser","UNVERIFIED-VENDOR-BASELINE-NOT-PINNED","modify-upstream","73ae2fa","73ae2fa","low","base/content"
"src/browser/base/content/browser-places-js.patch","browser","UNVERIFIED-VENDOR-BASELINE-NOT-PINNED","modify-upstream","73ae2fa","73ae2fa","medium","base/content"
"src/browser/base/content/browser-profiles-js.patch","browser","UNVERIFIED-VENDOR-BASELINE-NOT-PINNED","modify-upstream","73ae2fa","73ae2fa","high","base/content"
"src/browser/base/content/browser-sets-inc.patch","browser","UNVERIFIED-VENDOR-BASELINE-NOT-PINNED","modify-upstream","73ae2fa","73ae2fa","low","base/content"
"src/browser/base/content/browser-sets-js.patch","browser","UNVERIFIED-VENDOR-BASELINE-NOT-PINNED","modify-upstream","73ae2fa","73ae2fa","low","base/content"
"src/browser/base/content/browser-siteIdentity-js.patch","browser","UNVERIFIED-VENDOR-BASELINE-NOT-PINNED","modify-upstream","73ae2fa","73ae2fa","low","base/content"
"src/browser/base/content/browser-xhtml.patch","browser","UNVERIFIED-VENDOR-BASELINE-NOT-PINNED","modify-upstream","73ae2fa","73ae2fa","low","base/content"
"src/browser/base/content/main-popupset-inc-xhtml.patch","browser","UNVERIFIED-VENDOR-BASELINE-NOT-PINNED","modify-upstream","73ae2fa","73ae2fa","low","base/content"
"src/browser/base/content/navigator-toolbox-inc-xhtml.patch","browser","UNVERIFIED-VENDOR-BASELINE-NOT-PINNED","modify-upstream","73ae2fa","73ae2fa","low","base/content"
"src/browser/base/content/navigator-toolbox-js.patch","browser","UNVERIFIED-VENDOR-BASELINE-NOT-PINNED","modify-upstream","73ae2fa","73ae2fa","low","base/content"
"src/browser/base/content/nsContextMenu-sys-mjs.patch","browser","UNVERIFIED-VENDOR-BASELINE-NOT-PINNED","modify-upstream","73ae2fa","73ae2fa","low","base/content"
"src/browser/base/jar-mn.patch","browser","UNVERIFIED-VENDOR-BASELINE-NOT-PINNED","modify-upstream","73ae2fa","73ae2fa","low","base"
"src/browser/base/moz-build.patch","browser","UNVERIFIED-VENDOR-BASELINE-NOT-PINNED","modify-upstream","73ae2fa","73ae2fa","low","base"
"src/browser/components/BrowserContentHandler-sys-mjs.patch","browser","UNVERIFIED-VENDOR-BASELINE-NOT-PINNED","modify-upstream","73ae2fa","73ae2fa","low","components"
"src/browser/components/BrowserGlue-sys-mjs.patch","browser","UNVERIFIED-VENDOR-BASELINE-NOT-PINNED","modify-upstream","73ae2fa","73ae2fa","low","components"
"src/browser/components/aboutlogins/content/aboutLogins-html.patch","browser","UNVERIFIED-VENDOR-BASELINE-NOT-PINNED","modify-upstream","73ae2fa","73ae2fa","low","components/aboutlogins/content"
"src/browser/components/aboutwelcome/content/aboutwelcome-css.patch","browser","UNVERIFIED-VENDOR-BASELINE-NOT-PINNED","modify-upstream","73ae2fa","73ae2fa","low","components/aboutwelcome/content"
"src/browser/components/aiwindow/ui/modules/AIWindow-sys-mjs.patch","browser","UNVERIFIED-VENDOR-BASELINE-NOT-PINNED","modify-upstream","73ae2fa","73ae2fa","low","components/aiwindow/ui/modules"
"src/browser/components/asrouter/modules/FeatureCallout-sys-mjs.patch","browser","UNVERIFIED-VENDOR-BASELINE-NOT-PINNED","modify-upstream","73ae2fa","73ae2fa","low","components/asrouter/modules"
"src/browser/components/controlcenter/content/identityPanel-inc-xhtml.patch","browser","UNVERIFIED-VENDOR-BASELINE-NOT-PINNED","modify-upstream","73ae2fa","73ae2fa","low","components/controlcenter/content"
"src/browser/components/customizableui/CustomizableUI-sys-mjs.patch","browser","UNVERIFIED-VENDOR-BASELINE-NOT-PINNED","modify-upstream","73ae2fa","73ae2fa","medium","components/customizableui"
"src/browser/components/customizableui/CustomizeMode-sys-mjs.patch","browser","UNVERIFIED-VENDOR-BASELINE-NOT-PINNED","modify-upstream","73ae2fa","73ae2fa","medium","components/customizableui"
"src/browser/components/customizableui/ToolbarContextMenu-sys-mjs.patch","browser","UNVERIFIED-VENDOR-BASELINE-NOT-PINNED","modify-upstream","73ae2fa","73ae2fa","medium","components/customizableui"
"src/browser/components/customizableui/content/panelUI-inc-xhtml.patch","browser","UNVERIFIED-VENDOR-BASELINE-NOT-PINNED","modify-upstream","73ae2fa","73ae2fa","medium","components/customizableui/content"
"src/browser/components/customizableui/content/panelUI-js.patch","browser","UNVERIFIED-VENDOR-BASELINE-NOT-PINNED","modify-upstream","73ae2fa","73ae2fa","medium","components/customizableui/content"
"src/browser/components/extensions/parent/ext-browser-js.patch","browser","UNVERIFIED-VENDOR-BASELINE-NOT-PINNED","modify-upstream","73ae2fa","73ae2fa","low","components/extensions/parent"
"src/browser/components/extensions/parent/ext-tabs-js.patch","browser","UNVERIFIED-VENDOR-BASELINE-NOT-PINNED","modify-upstream","73ae2fa","73ae2fa","low","components/extensions/parent"
"src/browser/components/places/PlacesUIUtils-sys-mjs.patch","browser","UNVERIFIED-VENDOR-BASELINE-NOT-PINNED","modify-upstream","73ae2fa","73ae2fa","medium","components/places"
"src/browser/components/places/content/bookmarkProperties-xhtml.patch","browser","UNVERIFIED-VENDOR-BASELINE-NOT-PINNED","modify-upstream","73ae2fa","73ae2fa","medium","components/places/content"
"src/browser/components/places/content/browserPlacesViews-js.patch","browser","UNVERIFIED-VENDOR-BASELINE-NOT-PINNED","modify-upstream","73ae2fa","73ae2fa","medium","components/places/content"
"src/browser/components/places/content/editBookmark-js.patch","browser","UNVERIFIED-VENDOR-BASELINE-NOT-PINNED","modify-upstream","73ae2fa","73ae2fa","medium","components/places/content"
"src/browser/components/places/content/editBookmarkPanel-inc-xhtml.patch","browser","UNVERIFIED-VENDOR-BASELINE-NOT-PINNED","modify-upstream","73ae2fa","73ae2fa","medium","components/places/content"
"src/browser/components/preferences/config/aiFeatures-mjs.patch","browser","UNVERIFIED-VENDOR-BASELINE-NOT-PINNED","modify-upstream","73ae2fa","73ae2fa","medium","components/preferences/config"
"src/browser/components/preferences/dialogs/syncChooseWhatToSync-js.patch","browser","UNVERIFIED-VENDOR-BASELINE-NOT-PINNED","modify-upstream","73ae2fa","73ae2fa","medium","components/preferences/dialogs"
"src/browser/components/preferences/dialogs/syncChooseWhatToSync-xhtml.patch","browser","UNVERIFIED-VENDOR-BASELINE-NOT-PINNED","modify-upstream","73ae2fa","73ae2fa","medium","components/preferences/dialogs"
"src/browser/components/preferences/jar-mn.patch","browser","UNVERIFIED-VENDOR-BASELINE-NOT-PINNED","modify-upstream","73ae2fa","73ae2fa","medium","components/preferences"
"src/browser/components/preferences/main-inc-xhtml.patch","browser","UNVERIFIED-VENDOR-BASELINE-NOT-PINNED","modify-upstream","73ae2fa","73ae2fa","medium","components/preferences"
"src/browser/components/preferences/main-js.patch","browser","UNVERIFIED-VENDOR-BASELINE-NOT-PINNED","modify-upstream","73ae2fa","73ae2fa","medium","components/preferences"
"src/browser/components/preferences/preferences-js.patch","browser","UNVERIFIED-VENDOR-BASELINE-NOT-PINNED","modify-upstream","73ae2fa","410c037","medium","components/preferences"
"src/browser/components/preferences/preferences-xhtml.patch","browser","UNVERIFIED-VENDOR-BASELINE-NOT-PINNED","modify-upstream","73ae2fa","882e967","medium","components/preferences"
"src/browser/components/preferences/sync-inc-xhtml.patch","browser","UNVERIFIED-VENDOR-BASELINE-NOT-PINNED","modify-upstream","73ae2fa","73ae2fa","medium","components/preferences"
"src/browser/components/screenshots/overlay/overlay-css.patch","browser","UNVERIFIED-VENDOR-BASELINE-NOT-PINNED","modify-upstream","73ae2fa","73ae2fa","low","components/screenshots/overlay"
"src/browser/components/search/SearchOneOffs-sys-mjs.patch","browser","UNVERIFIED-VENDOR-BASELINE-NOT-PINNED","modify-upstream","73ae2fa","73ae2fa","low","components/search"
"src/browser/components/search/SearchUIUtils-sys-mjs.patch","browser","UNVERIFIED-VENDOR-BASELINE-NOT-PINNED","modify-upstream","73ae2fa","73ae2fa","low","components/search"
"src/browser/components/sessionstore/SessionFile-sys-mjs.patch","browser","UNVERIFIED-VENDOR-BASELINE-NOT-PINNED","modify-upstream","73ae2fa","73ae2fa","high","components/sessionstore"
"src/browser/components/sessionstore/SessionSaver-sys-mjs.patch","browser","UNVERIFIED-VENDOR-BASELINE-NOT-PINNED","modify-upstream","73ae2fa","73ae2fa","high","components/sessionstore"
"src/browser/components/sessionstore/SessionStartup-sys-mjs.patch","browser","UNVERIFIED-VENDOR-BASELINE-NOT-PINNED","modify-upstream","73ae2fa","73ae2fa","high","components/sessionstore"
"src/browser/components/sessionstore/SessionStore-sys-mjs.patch","browser","UNVERIFIED-VENDOR-BASELINE-NOT-PINNED","modify-upstream","73ae2fa","73ae2fa","high","components/sessionstore"
"src/browser/components/sessionstore/TabGroupState-sys-mjs.patch","browser","UNVERIFIED-VENDOR-BASELINE-NOT-PINNED","modify-upstream","73ae2fa","73ae2fa","high","components/sessionstore"
"src/browser/components/sessionstore/TabState-sys-mjs.patch","browser","UNVERIFIED-VENDOR-BASELINE-NOT-PINNED","modify-upstream","73ae2fa","f7c4290","high","components/sessionstore"
"src/browser/components/sessionstore/TabStateFlusher-sys-mjs.patch","browser","UNVERIFIED-VENDOR-BASELINE-NOT-PINNED","modify-upstream","73ae2fa","73ae2fa","high","components/sessionstore"
"src/browser/components/sidebar/SidebarState-sys-mjs.patch","browser","UNVERIFIED-VENDOR-BASELINE-NOT-PINNED","modify-upstream","bd3573e","bd3573e","medium","components/sidebar"
"src/browser/components/sidebar/browser-sidebar-js.patch","browser","UNVERIFIED-VENDOR-BASELINE-NOT-PINNED","modify-upstream","73ae2fa","bd3573e","medium","components/sidebar"
"src/browser/components/tabbrowser/AsyncTabSwitcher-sys-mjs.patch","browser","UNVERIFIED-VENDOR-BASELINE-NOT-PINNED","modify-upstream","73ae2fa","73ae2fa","high","components/tabbrowser"
"src/browser/components/tabbrowser/TabUnloader-sys-mjs.patch","browser","UNVERIFIED-VENDOR-BASELINE-NOT-PINNED","modify-upstream","73ae2fa","73ae2fa","high","components/tabbrowser"
"src/browser/components/tabbrowser/TabsList-sys-mjs.patch","browser","UNVERIFIED-VENDOR-BASELINE-NOT-PINNED","modify-upstream","73ae2fa","73ae2fa","high","components/tabbrowser"
"src/browser/components/tabbrowser/content/browser-ctrlTab-js.patch","browser","UNVERIFIED-VENDOR-BASELINE-NOT-PINNED","modify-upstream","73ae2fa","73ae2fa","high","components/tabbrowser/content"
"src/browser/components/tabbrowser/content/drag-and-drop-js.patch","browser","UNVERIFIED-VENDOR-BASELINE-NOT-PINNED","modify-upstream","73ae2fa","73ae2fa","high","components/tabbrowser/content"
"src/browser/components/tabbrowser/content/tab-js.patch","browser","UNVERIFIED-VENDOR-BASELINE-NOT-PINNED","modify-upstream","73ae2fa","73ae2fa","high","components/tabbrowser/content"
"src/browser/components/tabbrowser/content/tabbrowser-js.patch","browser","UNVERIFIED-VENDOR-BASELINE-NOT-PINNED","modify-upstream","73ae2fa","73ae2fa","high","components/tabbrowser/content"
"src/browser/components/tabbrowser/content/tabgroup-js.patch","browser","UNVERIFIED-VENDOR-BASELINE-NOT-PINNED","modify-upstream","73ae2fa","73ae2fa","high","components/tabbrowser/content"
"src/browser/components/tabbrowser/content/tabs-js.patch","browser","UNVERIFIED-VENDOR-BASELINE-NOT-PINNED","modify-upstream","73ae2fa","73ae2fa","high","components/tabbrowser/content"
"src/browser/components/urlbar/UrlbarController-sys-mjs.patch","browser","UNVERIFIED-VENDOR-BASELINE-NOT-PINNED","modify-upstream","73ae2fa","73ae2fa","medium","components/urlbar"
"src/browser/components/urlbar/UrlbarMuxerStandard-sys-mjs.patch","browser","UNVERIFIED-VENDOR-BASELINE-NOT-PINNED","modify-upstream","73ae2fa","73ae2fa","medium","components/urlbar"
"src/browser/components/urlbar/UrlbarPrefs-sys-mjs.patch","browser","UNVERIFIED-VENDOR-BASELINE-NOT-PINNED","modify-upstream","73ae2fa","73ae2fa","medium","components/urlbar"
"src/browser/components/urlbar/UrlbarProviderHeuristicFallback-sys-mjs.patch","browser","UNVERIFIED-VENDOR-BASELINE-NOT-PINNED","modify-upstream","73ae2fa","73ae2fa","medium","components/urlbar"
"src/browser/components/urlbar/UrlbarProvidersManager-sys-mjs.patch","browser","UNVERIFIED-VENDOR-BASELINE-NOT-PINNED","modify-upstream","73ae2fa","73ae2fa","medium","components/urlbar"
"src/browser/components/urlbar/UrlbarResult-sys-mjs.patch","browser","UNVERIFIED-VENDOR-BASELINE-NOT-PINNED","modify-upstream","73ae2fa","73ae2fa","medium","components/urlbar"
"src/browser/components/urlbar/UrlbarUtils-sys-mjs.patch","browser","UNVERIFIED-VENDOR-BASELINE-NOT-PINNED","modify-upstream","73ae2fa","73ae2fa","medium","components/urlbar"
"src/browser/components/urlbar/UrlbarValueFormatter-sys-mjs.patch","browser","UNVERIFIED-VENDOR-BASELINE-NOT-PINNED","modify-upstream","73ae2fa","73ae2fa","medium","components/urlbar"
"src/browser/components/urlbar/UrlbarView-sys-mjs.patch","browser","UNVERIFIED-VENDOR-BASELINE-NOT-PINNED","modify-upstream","73ae2fa","73ae2fa","medium","components/urlbar"
"src/browser/components/urlbar/content/UrlbarInput-mjs.patch","browser","UNVERIFIED-VENDOR-BASELINE-NOT-PINNED","modify-upstream","73ae2fa","73ae2fa","medium","components/urlbar/content"
"src/browser/extensions/newtab/lib/ActivityStream-sys-mjs.patch","browser","UNVERIFIED-VENDOR-BASELINE-NOT-PINNED","modify-upstream","73ae2fa","73ae2fa","low","extensions/newtab/lib"
"src/browser/installer/package-manifest-in.patch","browser","UNVERIFIED-VENDOR-BASELINE-NOT-PINNED","modify-upstream","73ae2fa","91643c7","low","installer"
"src/browser/installer/windows/nsis/defines-nsi-in.patch","browser","UNVERIFIED-VENDOR-BASELINE-NOT-PINNED","modify-upstream","73ae2fa","693de5b","low","installer/windows/nsis"
"src/browser/installer/windows/nsis/installer-nsi.patch","browser","UNVERIFIED-VENDOR-BASELINE-NOT-PINNED","modify-upstream","73ae2fa","73ae2fa","low","installer/windows/nsis"
"src/browser/installer/windows/nsis/uninstaller-nsi.patch","browser","UNVERIFIED-VENDOR-BASELINE-NOT-PINNED","modify-upstream","73ae2fa","73ae2fa","low","installer/windows/nsis"
"src/browser/locales/en-US/installer/custom-properties.patch","browser","UNVERIFIED-VENDOR-BASELINE-NOT-PINNED","modify-upstream","73ae2fa","3065cf8","low","locales/en-US/installer"
"src/browser/modules/BrowserDOMWindow-sys-mjs.patch","browser","UNVERIFIED-VENDOR-BASELINE-NOT-PINNED","modify-upstream","73ae2fa","73ae2fa","low","modules"
"src/browser/modules/BrowserWindowTracker-sys-mjs.patch","browser","UNVERIFIED-VENDOR-BASELINE-NOT-PINNED","modify-upstream","73ae2fa","73ae2fa","low","modules"
"src/browser/modules/ExtensionsUI-sys-mjs.patch","browser","UNVERIFIED-VENDOR-BASELINE-NOT-PINNED","modify-upstream","73ae2fa","73ae2fa","low","modules"
"src/browser/modules/URILoadingHelper-sys-mjs.patch","browser","UNVERIFIED-VENDOR-BASELINE-NOT-PINNED","modify-upstream","73ae2fa","73ae2fa","low","modules"
"src/browser/themes/linux/browser-css.patch","browser","UNVERIFIED-VENDOR-BASELINE-NOT-PINNED","modify-upstream","73ae2fa","73ae2fa","low","themes/linux"
"src/browser/themes/osx/browser-css.patch","browser","UNVERIFIED-VENDOR-BASELINE-NOT-PINNED","modify-upstream","73ae2fa","73ae2fa","low","themes/osx"
"src/browser/themes/shared/browser-shared-css.patch","browser","UNVERIFIED-VENDOR-BASELINE-NOT-PINNED","modify-upstream","73ae2fa","73ae2fa","low","themes/shared"
"src/browser/themes/shared/identity-block/identity-block-css.patch","browser","UNVERIFIED-VENDOR-BASELINE-NOT-PINNED","modify-upstream","73ae2fa","73ae2fa","low","themes/shared/identity-block"
"src/browser/themes/shared/jar-inc-mn.patch","browser","UNVERIFIED-VENDOR-BASELINE-NOT-PINNED","modify-upstream","73ae2fa","73ae2fa","low","themes/shared"
"src/browser/themes/shared/tabbrowser/content-area-css.patch","browser","UNVERIFIED-VENDOR-BASELINE-NOT-PINNED","modify-upstream","73ae2fa","73ae2fa","high","themes/shared/tabbrowser"
"src/browser/themes/shared/tabbrowser/ctrlTab-css.patch","browser","UNVERIFIED-VENDOR-BASELINE-NOT-PINNED","modify-upstream","73ae2fa","73ae2fa","high","themes/shared/tabbrowser"
"src/browser/themes/shared/tabbrowser/tabs-css.patch","browser","UNVERIFIED-VENDOR-BASELINE-NOT-PINNED","modify-upstream","73ae2fa","73ae2fa","high","themes/shared/tabbrowser"
"src/browser/themes/shared/toolbarbuttons-css.patch","browser","UNVERIFIED-VENDOR-BASELINE-NOT-PINNED","modify-upstream","73ae2fa","73ae2fa","low","themes/shared"
"src/browser/themes/shared/urlbar-searchbar-css.patch","browser","UNVERIFIED-VENDOR-BASELINE-NOT-PINNED","modify-upstream","73ae2fa","73ae2fa","medium","themes/shared"
"src/browser/themes/shared/urlbar-variables-css.patch","browser","UNVERIFIED-VENDOR-BASELINE-NOT-PINNED","modify-upstream","73ae2fa","73ae2fa","medium","themes/shared"
"src/browser/themes/shared/urlbarView-css.patch","browser","UNVERIFIED-VENDOR-BASELINE-NOT-PINNED","modify-upstream","73ae2fa","73ae2fa","medium","themes/shared"
"src/browser/themes/windows/browser-css.patch","browser","UNVERIFIED-VENDOR-BASELINE-NOT-PINNED","modify-upstream","73ae2fa","73ae2fa","low","themes/windows"
"src/build/moz-build.patch","build","UNVERIFIED-VENDOR-BASELINE-NOT-PINNED","modify-upstream","73ae2fa","bc296cc","low","build"
"src/build/moz-configure/lto-pgo-configure.patch","build","UNVERIFIED-VENDOR-BASELINE-NOT-PINNED","modify-upstream","73ae2fa","73ae2fa","low","moz-configure"
"src/build/pgo/profileserver-py.patch","build","UNVERIFIED-VENDOR-BASELINE-NOT-PINNED","modify-upstream","73ae2fa","73ae2fa","high","pgo"
"src/devtools/client/locales/en-US/toolbox-properties.patch","devtools","UNVERIFIED-VENDOR-BASELINE-NOT-PINNED","modify-upstream","73ae2fa","73ae2fa","low","client/locales/en-US"
"src/devtools/startup/DevToolsStartup-sys-mjs.patch","devtools","UNVERIFIED-VENDOR-BASELINE-NOT-PINNED","modify-upstream","73ae2fa","73ae2fa","low","startup"
"src/devtools/startup/locales/en-US/key-shortcuts-ftl.patch","devtools","UNVERIFIED-VENDOR-BASELINE-NOT-PINNED","modify-upstream","73ae2fa","73ae2fa","low","startup/locales/en-US"
"src/docshell/base/nsAboutRedirector-cpp.patch","docshell","UNVERIFIED-VENDOR-BASELINE-NOT-PINNED","modify-upstream","73ae2fa","bc296cc","high","base"
"src/dom/base/Document-cpp.patch","dom","UNVERIFIED-VENDOR-BASELINE-NOT-PINNED","modify-upstream","73ae2fa","73ae2fa","medium","base"
"src/dom/chrome-webidl/MediaController-webidl.patch","dom","UNVERIFIED-VENDOR-BASELINE-NOT-PINNED","modify-upstream","73ae2fa","73ae2fa","medium","chrome-webidl"
"src/dom/media/mediacontrol/MediaController-cpp.patch","dom","UNVERIFIED-VENDOR-BASELINE-NOT-PINNED","modify-upstream","73ae2fa","73ae2fa","medium","media/mediacontrol"
"src/dom/media/mediacontrol/MediaController-h.patch","dom","UNVERIFIED-VENDOR-BASELINE-NOT-PINNED","modify-upstream","73ae2fa","73ae2fa","medium","media/mediacontrol"
"src/dom/media/mediacontrol/MediaStatusManager-cpp.patch","dom","UNVERIFIED-VENDOR-BASELINE-NOT-PINNED","modify-upstream","73ae2fa","73ae2fa","medium","media/mediacontrol"
"src/dom/media/mediaelement/HTMLMediaElement-cpp.patch","dom","UNVERIFIED-VENDOR-BASELINE-NOT-PINNED","modify-upstream","73ae2fa","73ae2fa","medium","media/mediaelement"
"src/eslint-file-globals-config-mjs.patch","root","UNVERIFIED-VENDOR-BASELINE-NOT-PINNED","modify-upstream","73ae2fa","73ae2fa","low","eslint-file-globals-config-mjs.patch"
"src/eslint-ignores-config-mjs.patch","root","UNVERIFIED-VENDOR-BASELINE-NOT-PINNED","modify-upstream","73ae2fa","73ae2fa","low","eslint-ignores-config-mjs.patch"
"src/eslint-test-paths-config-mjs.patch","root","UNVERIFIED-VENDOR-BASELINE-NOT-PINNED","modify-upstream","73ae2fa","73ae2fa","low","eslint-test-paths-config-mjs.patch"
"src/external-patches/firefox/add_urlbar_closeonwindowblur_preference.patch","external-patches","UNVERIFIED-VENDOR-BASELINE-NOT-PINNED","modify-upstream","73ae2fa","27b7d80","medium","firefox"
"src/external-patches/firefox/gh-12979_clip_dirty_rect_to_device_size.patch","external-patches","UNVERIFIED-VENDOR-BASELINE-NOT-PINNED","modify-upstream","73ae2fa","73ae2fa","low","firefox"
"src/external-patches/firefox/native_macos_popovers.patch","external-patches","UNVERIFIED-VENDOR-BASELINE-NOT-PINNED","modify-upstream","73ae2fa","e61780d","low","firefox"
"src/external-patches/firefox/no_liquid_glass_icon.patch","external-patches","UNVERIFIED-VENDOR-BASELINE-NOT-PINNED","modify-upstream","73ae2fa","73ae2fa","low","firefox"
"src/external-patches/librewolf/firefox-in-ua.patch","external-patches","UNVERIFIED-VENDOR-BASELINE-NOT-PINNED","modify-upstream","73ae2fa","73ae2fa","low","librewolf"
"src/layout/style/nsStyleSheetService-h.patch","layout","UNVERIFIED-VENDOR-BASELINE-NOT-PINNED","modify-upstream","73ae2fa","73ae2fa","medium","style"
"src/modules/libpref/init/StaticPrefList-yaml.patch","modules","UNVERIFIED-VENDOR-BASELINE-NOT-PINNED","modify-upstream","73ae2fa","73ae2fa","low","libpref/init"
"src/modules/libpref/moz-build.patch","modules","UNVERIFIED-VENDOR-BASELINE-NOT-PINNED","modify-upstream","73ae2fa","73ae2fa","low","libpref"
"src/python/mozlint/mozlint/roller-py.patch","python","UNVERIFIED-VENDOR-BASELINE-NOT-PINNED","modify-upstream","73ae2fa","73ae2fa","low","mozlint/mozlint"
"src/security/mac/hardenedruntime/production/firefox-browser-xml.patch","security","UNVERIFIED-VENDOR-BASELINE-NOT-PINNED","modify-upstream","73ae2fa","73ae2fa","high","mac/hardenedruntime/production"
"src/servo/components/style/gecko/media_features-rs.patch","servo","UNVERIFIED-VENDOR-BASELINE-NOT-PINNED","modify-upstream","73ae2fa","73ae2fa","medium","components/style/gecko"
"src/servo/components/style/queries/feature-rs.patch","servo","UNVERIFIED-VENDOR-BASELINE-NOT-PINNED","modify-upstream","73ae2fa","73ae2fa","low","components/style/queries"
"src/servo/components/style/queries/feature_expression-rs.patch","servo","UNVERIFIED-VENDOR-BASELINE-NOT-PINNED","modify-upstream","73ae2fa","73ae2fa","low","components/style/queries"
"src/testing/mochitest/browser-test-js.patch","testing","UNVERIFIED-VENDOR-BASELINE-NOT-PINNED","modify-upstream","73ae2fa","73ae2fa","low","mochitest"
"src/testing/profiles/mochitest/user-js.patch","testing","UNVERIFIED-VENDOR-BASELINE-NOT-PINNED","modify-upstream","73ae2fa","73ae2fa","high","profiles/mochitest"
"src/testing/profiles/profileserver/user-js.patch","testing","UNVERIFIED-VENDOR-BASELINE-NOT-PINNED","modify-upstream","73ae2fa","73ae2fa","high","profiles/profileserver"
"src/toolkit/actors/PictureInPictureChild-sys-mjs.patch","toolkit","UNVERIFIED-VENDOR-BASELINE-NOT-PINNED","modify-upstream","73ae2fa","73ae2fa","medium","actors"
"src/toolkit/components/extensions/parent/ext-runtime-js.patch","toolkit","UNVERIFIED-VENDOR-BASELINE-NOT-PINNED","modify-upstream","73ae2fa","73ae2fa","low","components/extensions/parent"
"src/toolkit/components/extensions/parent/ext-tabs-base-js.patch","toolkit","UNVERIFIED-VENDOR-BASELINE-NOT-PINNED","modify-upstream","73ae2fa","73ae2fa","low","components/extensions/parent"
"src/toolkit/components/pictureinpicture/PictureInPicture-sys-mjs.patch","toolkit","UNVERIFIED-VENDOR-BASELINE-NOT-PINNED","modify-upstream","73ae2fa","73ae2fa","low","components/pictureinpicture"
"src/toolkit/components/pictureinpicture/content/player-js.patch","toolkit","UNVERIFIED-VENDOR-BASELINE-NOT-PINNED","modify-upstream","73ae2fa","73ae2fa","low","components/pictureinpicture/content"
"src/toolkit/components/pictureinpicture/content/player-xhtml.patch","toolkit","UNVERIFIED-VENDOR-BASELINE-NOT-PINNED","modify-upstream","73ae2fa","73ae2fa","low","components/pictureinpicture/content"
"src/toolkit/components/prompts/content/commonDialog-css.patch","toolkit","UNVERIFIED-VENDOR-BASELINE-NOT-PINNED","modify-upstream","73ae2fa","73ae2fa","low","components/prompts/content"
"src/toolkit/content/widgets/arrowscrollbox-js.patch","toolkit","UNVERIFIED-VENDOR-BASELINE-NOT-PINNED","modify-upstream","73ae2fa","73ae2fa","medium","content/widgets"
"src/toolkit/content/widgets/browser-custom-element-mjs.patch","toolkit","UNVERIFIED-VENDOR-BASELINE-NOT-PINNED","modify-upstream","73ae2fa","73ae2fa","medium","content/widgets"
"src/toolkit/content/widgets/findbar-js.patch","toolkit","UNVERIFIED-VENDOR-BASELINE-NOT-PINNED","modify-upstream","73ae2fa","73ae2fa","medium","content/widgets"
"src/toolkit/content/widgets/infobar-css.patch","toolkit","UNVERIFIED-VENDOR-BASELINE-NOT-PINNED","modify-upstream","73ae2fa","73ae2fa","medium","content/widgets"
"src/toolkit/content/widgets/moz-toggle/moz-toggle-css.patch","toolkit","UNVERIFIED-VENDOR-BASELINE-NOT-PINNED","modify-upstream","73ae2fa","73ae2fa","medium","content/widgets/moz-toggle"
"src/toolkit/content/widgets/panel-js.patch","toolkit","UNVERIFIED-VENDOR-BASELINE-NOT-PINNED","modify-upstream","73ae2fa","73ae2fa","medium","content/widgets"
"src/toolkit/content/widgets/tabbox-js.patch","toolkit","UNVERIFIED-VENDOR-BASELINE-NOT-PINNED","modify-upstream","73ae2fa","73ae2fa","medium","content/widgets"
"src/toolkit/content/xul-css.patch","toolkit","UNVERIFIED-VENDOR-BASELINE-NOT-PINNED","modify-upstream","73ae2fa","73ae2fa","low","content"
"src/toolkit/modules/AppConstants-sys-mjs.patch","toolkit","UNVERIFIED-VENDOR-BASELINE-NOT-PINNED","modify-upstream","73ae2fa","73ae2fa","low","modules"
"src/toolkit/modules/LightweightThemeConsumer-sys-mjs.patch","toolkit","UNVERIFIED-VENDOR-BASELINE-NOT-PINNED","modify-upstream","73ae2fa","73ae2fa","low","modules"
"src/toolkit/modules/PopupNotifications-sys-mjs.patch","toolkit","UNVERIFIED-VENDOR-BASELINE-NOT-PINNED","modify-upstream","73ae2fa","73ae2fa","low","modules"
"src/toolkit/modules/ShortcutUtils-sys-mjs.patch","toolkit","UNVERIFIED-VENDOR-BASELINE-NOT-PINNED","modify-upstream","73ae2fa","73ae2fa","low","modules"
"src/toolkit/modules/UpdateUtils-sys-mjs.patch","toolkit","UNVERIFIED-VENDOR-BASELINE-NOT-PINNED","modify-upstream","73ae2fa","73ae2fa","high","modules"
"src/toolkit/modules/moz-build.patch","toolkit","UNVERIFIED-VENDOR-BASELINE-NOT-PINNED","modify-upstream","73ae2fa","73ae2fa","low","modules"
"src/toolkit/moz-configure.patch","toolkit","UNVERIFIED-VENDOR-BASELINE-NOT-PINNED","modify-upstream","73ae2fa","990c0b2","low","toolkit"
"src/toolkit/mozapps/extensions/AddonManager-sys-mjs.patch","toolkit","UNVERIFIED-VENDOR-BASELINE-NOT-PINNED","modify-upstream","73ae2fa","73ae2fa","low","mozapps/extensions"
"src/toolkit/mozapps/extensions/content/aboutaddons-css.patch","toolkit","UNVERIFIED-VENDOR-BASELINE-NOT-PINNED","modify-upstream","73ae2fa","73ae2fa","low","mozapps/extensions/content"
"src/toolkit/mozapps/extensions/internal/AddonUpdateChecker-sys-mjs.patch","toolkit","UNVERIFIED-VENDOR-BASELINE-NOT-PINNED","modify-upstream","73ae2fa","73ae2fa","high","mozapps/extensions/internal"
"src/toolkit/mozapps/installer/windows/nsis/makensis-mk.patch","toolkit","UNVERIFIED-VENDOR-BASELINE-NOT-PINNED","modify-upstream","73ae2fa","73ae2fa","low","mozapps/installer/windows/nsis"
"src/toolkit/mozapps/update/updater/updater-common-build.patch","toolkit","UNVERIFIED-VENDOR-BASELINE-NOT-PINNED","modify-upstream","73ae2fa","73ae2fa","high","mozapps/update/updater"
"src/toolkit/profile/nsToolkitProfileService-cpp.patch","toolkit","UNVERIFIED-VENDOR-BASELINE-NOT-PINNED","modify-upstream","73ae2fa","73ae2fa","high","profile"
"src/toolkit/themes/shared/aboutReader-css.patch","toolkit","UNVERIFIED-VENDOR-BASELINE-NOT-PINNED","modify-upstream","73ae2fa","27b7d80","low","themes/shared"
"src/toolkit/themes/shared/design-system/dist/tokens-shared-css.patch","toolkit","UNVERIFIED-VENDOR-BASELINE-NOT-PINNED","modify-upstream","73ae2fa","73ae2fa","low","themes/shared/design-system/dist"
"src/toolkit/themes/shared/in-content/common-shared-css.patch","toolkit","UNVERIFIED-VENDOR-BASELINE-NOT-PINNED","modify-upstream","73ae2fa","73ae2fa","low","themes/shared/in-content"
"src/toolkit/themes/shared/menulist-css.patch","toolkit","UNVERIFIED-VENDOR-BASELINE-NOT-PINNED","modify-upstream","73ae2fa","73ae2fa","low","themes/shared"
"src/toolkit/themes/shared/pictureinpicture/player-css.patch","toolkit","UNVERIFIED-VENDOR-BASELINE-NOT-PINNED","modify-upstream","73ae2fa","73ae2fa","low","themes/shared/pictureinpicture"
"src/toolkit/themes/shared/popup-css.patch","toolkit","UNVERIFIED-VENDOR-BASELINE-NOT-PINNED","modify-upstream","73ae2fa","73ae2fa","low","themes/shared"
"src/toolkit/themes/shared/tree/tree-css.patch","toolkit","UNVERIFIED-VENDOR-BASELINE-NOT-PINNED","modify-upstream","73ae2fa","73ae2fa","low","themes/shared/tree"
"src/toolkit/xre/nsXREDirProvider-cpp.patch","toolkit","UNVERIFIED-VENDOR-BASELINE-NOT-PINNED","modify-upstream","73ae2fa","d1d7c3f","low","xre"
"src/tools/lint/eslint/__init__-py.patch","tools","UNVERIFIED-VENDOR-BASELINE-NOT-PINNED","modify-upstream","73ae2fa","73ae2fa","low","lint/eslint"
"src/tools/lint/eslint/eslint-plugin-mozilla/lib/configs/require-jsdoc-mjs.patch","tools","UNVERIFIED-VENDOR-BASELINE-NOT-PINNED","modify-upstream","73ae2fa","73ae2fa","low","lint/eslint/eslint-plugin-mozilla/lib/configs"
"src/tools/lint/ignorefile-yml.patch","tools","UNVERIFIED-VENDOR-BASELINE-NOT-PINNED","modify-upstream","73ae2fa","73ae2fa","low","lint"
"src/tools/lint/rejected-words-yml.patch","tools","UNVERIFIED-VENDOR-BASELINE-NOT-PINNED","modify-upstream","73ae2fa","73ae2fa","low","lint"
"src/tools/signing/macos/mach_commands-py.patch","tools","UNVERIFIED-VENDOR-BASELINE-NOT-PINNED","modify-upstream","73ae2fa","73ae2fa","low","signing/macos"
"src/widget/SwipeTracker-cpp.patch","widget","UNVERIFIED-VENDOR-BASELINE-NOT-PINNED","modify-upstream","73ae2fa","73ae2fa","medium","widget"
"src/widget/cocoa/VibrancyManager-mm.patch","widget","UNVERIFIED-VENDOR-BASELINE-NOT-PINNED","modify-upstream","73ae2fa","73ae2fa","medium","cocoa"
"src/widget/cocoa/nsCocoaUtils-mm.patch","widget","UNVERIFIED-VENDOR-BASELINE-NOT-PINNED","modify-upstream","73ae2fa","73ae2fa","medium","cocoa"
"src/widget/cocoa/nsDragService-mm.patch","widget","UNVERIFIED-VENDOR-BASELINE-NOT-PINNED","modify-upstream","73ae2fa","73ae2fa","medium","cocoa"
"src/xpfe/appshell/AppWindow-cpp.patch","xpfe","UNVERIFIED-VENDOR-BASELINE-NOT-PINNED","modify-upstream","73ae2fa","73ae2fa","low","appshell"
